"Data as of : 01-May-16 09:55:28","Page 1 of 34","Selected Start and End Dates and Times: 30-Apr-16 00:00:00 to 01-May-16 00:00:00","Selected Operators: Pasadena","Selected Facilities: Pasadena","Selected Device IDs:  ","Selected Device Types:  ","Selected Transaction Types:  ","Selected Transaction Statuses:  ","Selected Bus IDs: ",,,"Operator: Pasadena","Facility","Date and Time","Device Transaction History","Fare Product","Fare Product","Transit Card","Payment Types*","Device ID","Grp ID","Transaction Type","Seq #","Bus ID","Grp Qty","Total","Cost $","Bonus $","- - - - - - - - - - - - Stored Value - - - - - - - - - - - ","Change $","Pasadena"," Total","Change $","rodeo2:regional","Value","Left $","Rides","Left","A102 / PN.01-05.0105.07 / 1101","Renewed","In Advnce","Count**","Status"
,"Pasadena","BMV08256",,"3219"
"30-Apr-16 10:35:14","ASI","0160005334705113","N/A","","Pass Entry (Tag On)","","1","0.00","0.00","0.00","0.00","0.00","Unlmtd","0","Success"
"30-Apr-16 11:09:00","Reg SV Sr/Dis","0160040067992778","N/A","","SV Entry (Tag On)","","1","0.35","0.00","-0.35","-0.35","0.00","Unlmtd","","Success"
"30-Apr-16 11:15:12","ASI","0160005833766871","N/A","","Pass Entry (Tag On)","","1","0.00","0.00","0.00","0.00","0.00","Unlmtd","0","Success"
"30-Apr-16 11:15:31","ASI","0160008050481323","N/A","","Pass Entry (Tag On)","","1","0.00","0.00","0.00","0.00","0.00","Unlmtd","0","Success"
"30-Apr-16 11:23:03","ASI","0160008071993751","N/A","","Pass Entry (Tag On)","","1","0.00","0.00","0.00","0.00","0.00","Unlmtd","0","Success"
"30-Apr-16 11:55:32","ASI","0160005333021272","N/A","","Pass Entry (Tag On)","","1","0.00","0.00","0.00","0.00","0.00","Unlmtd","0","Success"
"30-Apr-16 12:10:13","DCFS EZ (New)","01701999280896241927","N/A","","Pass Entry (Tag On)","","1","0.00","0.00","0.00","0.00","0.00","Unlmtd","0","Success"
"30-Apr-16 12:16:08","ASI","0160033064689547","N/A","","Pass Entry (Tag On)","","1","0.00","0.00","0.00","0.00","0.00","Unlmtd","0","Success"
"30-Apr-16 12:52:45","DCFS EZ (New)","01700216179589280011","N/A","","Pass Entry (Tag On)","","1","0.00","0.00","0.00","0.00","0.00","Unlmtd","0","Success"
"30-Apr-16 13:04:40","ASI","0160041279133920","N/A","","Pass Entry (Tag On)","","1","0.00","0.00","0.00","0.00","0.00","Unlmtd","0","Success"
"30-Apr-16 13:13:31","ASI","0160005754102874","N/A","","Pass Entry (Tag On)","","1","0.00","0.00","0.00","0.00","0.00","Unlmtd","0","Success"
"30-Apr-16 13:52:31","ASI","0160005754058399","N/A","","Pass Entry (Tag On)","","1","0.00","0.00","0.00","0.00","0.00","Unlmtd","0","Success"
"30-Apr-16 14:01:32","Reg SV Regular","0160004904381272","N/A","","SV Entry (Tag On)","","1","0.75","0.00","-0.75","-0.75","1.00","Unlmtd","","Success"
"30-Apr-16 14:27:00","ASI","0160042245085129","N/A","","Pass Entry (Tag On)","","1","0.00","0.00","0.00","0.00","0.00","Unlmtd","0","Success"
"30-Apr-16 14:27:12","Reg SV Sr/Dis","0160005078471831","N/A","","SV Entry (Tag On)","","1","0.35","0.00","-0.35","-0.35","13.65","Unlmtd","","Success"
"30-Apr-16 14:31:10","ASI","0160012141481664","N/A","","Pass Entry (Tag On)","","1","0.00","0.00","0.00","0.00","0.00","Unlmtd","0","Success"
"30-Apr-16 15:28:12","Reg SV Regular","0160000964874008","N/A","","SV Entry (Tag On)","","1","0.75","0.00","-0.75","-0.75","9.25","Unlmtd","","Success"
"30-Apr-16 15:31:59","ASI","0160036514436112","N/A","","Pass Entry (Tag On)","","1","0.00","0.00","0.00","0.00","0.00","Unlmtd","0","Success"
"30-Apr-16 16:15:41","Reg SV Regular","0160008557537437","N/A","","SV Entry (Tag On)","","1","0.75","0.00","-0.75","-0.75","35.00","Unlmtd","","Success"
"30-Apr-16 16:15:42","Reg SV Regular","0160008281598879","N/A","","SV Entry (Tag On)","","1","0.75","0.00","-0.75","-0.75","47.00","Unlmtd","","Success"
"30-Apr-16 16:31:18","Reg SV Regular","0160001583189661","N/A","","SV Entry (Tag On)","","1","0.75","0.00","-0.75","-0.75","2.60","Unlmtd","","Success"
"30-Apr-16 16:56:50","ASI","0160005510453272","N/A","","Pass Entry (Tag On)","","1","0.00","0.00","0.00","0.00","0.00","Unlmtd","0","Success"
"30-Apr-16 17:03:53","EZ Pass AdultZ0","0160004821248471","N/A","","Pass Entry (Tag On)","","1","0.00","0.00","0.00","0.00","0.25","Unlmtd","1","Success"
"30-Apr-16 17:15:02","ASI","0160019589209630","N/A","","Pass Entry (Tag On)","","1","0.00","0.00","0.00","0.00","0.00","Unlmtd","0","Success"
"30-Apr-16 17:38:40","ASI","0160021269299360","N/A","","Pass Entry (Tag On)","","1","0.00","0.00","0.00","0.00","0.00","Unlmtd","0","Success"
"30-Apr-16 18:00:27","ASI","0160041279882880","N/A","","Pass Entry (Tag On)","","1","0.00","0.00","0.00","0.00","0.00","Unlmtd","0","Success"
"30-Apr-16 19:06:06","PS Try Tran Mon","0160042586851444","N/A","","Pass Entry (Tag On)","","1","0.00","0.00","0.00","0.00","0.00","Unlmtd","0","Success"
"30-Apr-16 19:19:19","Reg SV Regular","0160040958151286","N/A","","SV Entry (Tag On)","","1","0.75","0.00","-0.75","-0.75","2.75","Unlmtd","","Success"
"30-Apr-16 19:21:52","ASI","0160008172365917","N/A","","Pass Entry (Tag On)","","1","0.00","0.00","0.00","0.00","0.00","Unlmtd","0","Success"
,"Pasadena","BMV08277",,"3217"
"30-Apr-16 10:55:51","ASI","0160012373808865","N/A","","Pass Entry (Tag On)","","1","0.00","0.00","0.00","0.00","0.00","Unlmtd","0","Success"
"30-Apr-16 11:07:30","ASI","0160038261549238","N/A","","Pass Entry (Tag On)","","1","0.00","0.00","0.00","0.00","0.25","Unlmtd","0","Success"
"30-Apr-16 11:09:34","ASI","0160041880216965","N/A","","Pass Entry (Tag On)","","1","0.00","0.00","0.00","0.00","0.50","Unlmtd","0","Success"
"30-Apr-16 11:12:33","ASI","0160011832088382","N/A","","Pass Entry (Tag On)","","1","0.00","0.00","0.00","0.00","0.00","Unlmtd","0","Success"
"30-Apr-16 11:12:35","PS Try Tran Mon","0160007533745478","N/A","","Pass Entry (Tag On)","","1","0.00","0.00","0.00","0.00","13.00","Unlmtd","0","Success"
"30-Apr-16 11:12:38","ASI","0160005758734235","N/A","","Pass Entry (Tag On)","","1","0.00","0.00","0.00","0.00","6.30","Unlmtd","0","Success"
"30-Apr-16 11:27:20","ASI","0160005621486237","N/A","","Pass Entry (Tag On)","","1","0.00","0.00","0.00","0.00","0.00","Unlmtd","0","Success"
"30-Apr-16 11:58:14","ASI","0160041892672320","N/A","","Pass Entry (Tag On)","","1","0.00","0.00","0.00","0.00","0.00","Unlmtd","0","Success"
"30-Apr-16 11:58:17","ASI","0160041279233928","N/A","","Pass Entry (Tag On)","","1","0.00","0.00","0.00","0.00","0.00","Unlmtd","0","Success"
"30-Apr-16 11:58:52","ASI","0160036524949393","N/A","","Pass Entry (Tag On)","","1","0.00","0.00","0.00","0.00","0.00","Unlmtd","0","Success"
"30-Apr-16 12:05:46","ASI","0160033064099945","N/A","","Pass Entry (Tag On)","","1","0.00","0.00","0.00","0.00","0.00","Unlmtd","0","Success"
"30-Apr-16 13:01:21","ASI","0160012139798467","N/A","","Pass Entry (Tag On)","","1","0.00","0.00","0.00","0.00","0.00","Unlmtd","0","Success"
"30-Apr-16 13:03:34","ASI","0160008117347350","N/A","","Pass Entry (Tag On)","","1","0.00","0.00","0.00","0.00","0.00","Unlmtd","0","Success"
"30-Apr-16 13:07:40","ASI","0160019590415390","N/A","","Pass Entry (Tag On)","","1","0.00","0.00","0.00","0.00","0.00","Unlmtd","0","Success"
"30-Apr-16 13:07:44","ASI","0160005501447515","N/A","","Pass Entry (Tag On)","","1","0.00","0.00","0.00","0.00","0.00","Unlmtd","0","Success"
"30-Apr-16 14:22:35","Reg SV Regular","0160008434617113","N/A","","SV Entry (Tag On)","","1","0.75","0.00","-0.75","-0.75","21.25","Unlmtd","","Success"
"30-Apr-16 14:22:37","Reg SV Regular","0160000921228561","N/A","","SV Entry (Tag On)","","1","0.75","0.00","-0.75","-0.75","4.75","Unlmtd","","Success"
"30-Apr-16 14:52:49","ASI","0160008087670872","N/A","","Pass Entry (Tag On)","","1","0.00","0.00","0.00","0.00","0.00","Unlmtd","0","Success"
"30-Apr-16 15:15:29","ASI","0160012139798467","N/A","","Pass Entry (Tag On)","","1","0.00","0.00","0.00","0.00","0.00","Unlmtd","0","Success"
"30-Apr-16 16:15:24","ASI","0160028110841878","N/A","","Pass Entry (Tag On)","","1","0.00","0.00","0.00","0.00","0.00","Unlmtd","0","Success"
"30-Apr-16 16:16:48","ASI","0160033081722347","N/A","","Pass Entry (Tag On)","","1","0.00","0.00","0.00","0.00","0.00","Unlmtd","0","Success"
"30-Apr-16 17:23:51","DCFS EZ (New)","01702800458726928643","N/A","","Pass Entry (Tag On)","","1","0.00","0.00","0.00","0.00","0.00","Unlmtd","0","Success"
"30-Apr-16 17:24:28","ASI","0160005622624794","N/A","","Pass Entry (Tag On)","","1","0.00","0.00","0.00","0.00","0.00","Unlmtd","0","Success"
"30-Apr-16 17:27:01","ASI","0160042245285604","N/A","","Pass Entry (Tag On)","","1","0.00","0.00","0.00","0.00","0.00","Unlmtd","0","Success"
"30-Apr-16 17:30:32","Reg SV Regular","0160005695659354","N/A","","SV Entry (Tag On)","","1","0.75","0.00","-0.75","-0.75","29.50","Unlmtd","","Success"
"30-Apr-16 18:36:33","ASI","0160011542093185","N/A","","Pass Entry (Tag On)","","1","0.00","0.00","0.00","0.00","0.00","Unlmtd","0","Success"
"30-Apr-16 19:07:42","Reg SV Regular","0160000921228561","N/A","","SV Entry (Tag On)","","1","0.75","0.00","-0.75","-0.75","1.00","Unlmtd","","Success"
"30-Apr-16 19:07:44","Reg SV Regular","0160008434617113","N/A","","SV Entry (Tag On)","","1","0.75","0.00","-0.75","-0.75","17.50","Unlmtd","","Success"
"30-Apr-16 19:07:46","Reg SV Regular","0160008432324951","N/A","","SV Entry (Tag On)","","1","0.75","0.00","-0.75","-0.75","0.00","Unlmtd","","Success"
"30-Apr-16 19:43:11","EZ Pass S/D Z0","0160005804703192","N/A","","Pass Entry (Tag On)","","1","0.00","0.00","0.00","0.00","0.00","Unlmtd","1","Success"
,"Pasadena","BMV08278",,"3297"
"30-Apr-16 11:29:09","ASI","0160005413556312","N/A","","Pass Entry (Tag On)","","1","0.00","0.00","0.00","0.00","0.00","Unlmtd","0","Success"
"30-Apr-16 11:29:25","Reg SV Sr/Dis","0160005892060315","N/A","","SV Entry (Tag On)","","1","0.35","0.00","-0.35","-0.35","4.70","Unlmtd","","Success"
"30-Apr-16 11:29:49","ASI","0160008074918235","N/A","","Pass Entry (Tag On)","","1","0.00","0.00","0.00","0.00","0.00","Unlmtd","0","Success"
"30-Apr-16 11:33:17","ASI","0160019588868998","N/A","","Pass Entry (Tag On)","","1","0.00","0.00","0.00","0.00","0.00","Unlmtd","0","Success"
"30-Apr-16 12:03:35","ASI","0160019589448998","N/A","","Pass Entry (Tag On)","","1","0.00","0.00","0.00","0.00","0.00","Unlmtd","0","Success"
"30-Apr-16 12:15:06","ASI","0160036514916436","N/A","","Pass Entry (Tag On)","","1","0.00","0.00","0.00","0.00","1.75","Unlmtd","0","Success"
"30-Apr-16 12:42:48","ASI","0160041880216965","N/A","","Pass Entry (Tag On)","","1","0.00","0.00","0.00","0.00","0.50","Unlmtd","0","Success"
"30-Apr-16 12:46:26","ASI","0160011542093185","N/A","","Pass Entry (Tag On)","","1","0.00","0.00","0.00","0.00","0.00","Unlmtd","0","Success"
"30-Apr-16 13:29:32","Reg SV Sr/Dis","0160010338303303","N/A","","SV Entry (Tag On)","","1","0.35","0.00","-0.35","-0.35","6.45","Unlmtd","","Success"
"30-Apr-16 13:29:36","Reg SV Sr/Dis","0160017161520291","N/A","","SV Entry (Tag On)","","1","0.35","0.00","-0.35","-0.35","10.70","Unlmtd","","Success"
"30-Apr-16 13:37:12","ASI","0160005509020314","N/A","","Pass Entry (Tag On)","","1","0.00","0.00","0.00","0.00","0.00","Unlmtd","0","Success"
"30-Apr-16 13:37:21","ASI","0160008051055720","N/A","","Pass Entry (Tag On)","","1","0.00","0.00","0.00","0.00","0.00","Unlmtd","0","Success"
"30-Apr-16 13:46:06","ASI","0160011832748381","N/A","","Pass Entry (Tag On)","","1","0.00","0.00","0.00","0.00","0.00","Unlmtd","0","Success"
"30-Apr-16 14:13:21","EZ Pass S/D Z0","0160001785491170","N/A","","Pass Entry (Tag On)","","1","0.00","0.00","0.00","0.00","0.00","Unlmtd","1","Success"
"30-Apr-16 14:30:43","ASI","0160041892532169","N/A","","Pass Entry (Tag On)","","1","0.00","0.00","0.00","0.00","0.00","Unlmtd","0","Success"
"30-Apr-16 14:30:49","ASI","0160005751595997","N/A","","Pass Entry (Tag On)","","1","0.00","0.00","0.00","0.00","0.00","Unlmtd","0","Success"
"30-Apr-16 14:35:55","ASI","0160005754058399","N/A","","Pass Entry (Tag On)","","1","0.00","0.00","0.00","0.00","0.00","Unlmtd","0","Success"
"30-Apr-16 14:45:46","ASI","0160034019454409","N/A","","Pass Entry (Tag On)","","1","0.00","0.00","0.00","0.00","0.00","Unlmtd","0","Success"
"30-Apr-16 15:06:33","Reg SV Regular","0160004938878558","N/A","","SV Entry (Tag On)","","1","0.75","0.00","-0.75","-0.75","27.25","Unlmtd","","Success"
"30-Apr-16 15:19:55","ASI","0160041880216965","N/A","","Pass Entry (Tag On)","","1","0.00","0.00","0.00","0.00","0.50","Unlmtd","0","Success"
"30-Apr-16 15:20:01","ASI","0160011832088382","N/A","","Pass Entry (Tag On)","","1","0.00","0.00","0.00","0.00","0.00","Unlmtd","0","Success"
"30-Apr-16 15:24:36","PS Try Tran Mon","0160007533745478","N/A","","Pass Entry (Tag On)","","1","0.00","0.00","0.00","0.00","13.00","Unlmtd","0","Success"
"30-Apr-16 15:25:48","Reg SV Regular","0160041781838966","N/A","","SV Entry (Tag On)","","1","0.75","0.00","-0.75","-0.75","14.75","Unlmtd","","Success"
"30-Apr-16 15:52:47","ASI","0160005834850716","N/A","","Pass Entry (Tag On)","","1","0.00","0.00","0.00","0.00","0.00","Unlmtd","0","Success"
"30-Apr-16 16:00:43","EZ Pass AdultZ0","0160042466764402","N/A","","Pass Entry (Tag On)","","1","0.00","0.00","0.00","0.00","0.00","Unlmtd","2","Success"
"30-Apr-16 16:04:54","ASI","0160008071631831","N/A","","Pass Entry (Tag On)","","1","0.00","0.00","0.00","0.00","1.25","Unlmtd","0","Success"
"30-Apr-16 17:25:04","ASI","0160005620697438","N/A","","Pass Entry (Tag On)","","1","0.00","0.00","0.00","0.00","0.00","Unlmtd","0","Success"
"30-Apr-16 17:30:33","Reg SV Regular","0160004938878558","N/A","","SV Entry (Tag On)","","1","0.75","0.00","-0.75","-0.75","26.50","Unlmtd","","Success"
"30-Apr-16 17:33:06","ASI","0160005579532313","N/A","","Pass Entry (Tag On)","","1","0.00","0.00","0.00","0.00","0.00","Unlmtd","0","Success"
"30-Apr-16 17:42:42","ASI","0160011542093185","N/A","","Pass Entry (Tag On)","","1","0.00","0.00","0.00","0.00","0.00","Unlmtd","0","Success"
"30-Apr-16 17:43:52","ASI","0160008117347350","N/A","","Pass Entry (Tag On)","","1","0.00","0.00","0.00","0.00","0.00","Unlmtd","0","Success"
"30-Apr-16 17:55:53","ASI","0160011543037827","N/A","","Pass Entry (Tag On)","","1","0.00","0.00","0.00","0.00","2.45","Unlmtd","0","Success"
"30-Apr-16 17:58:47","EZ Pass S/D Z0","0160010288189066","N/A","","Pass Entry (Tag On)","","1","0.00","0.00","0.00","0.00","0.00","Unlmtd","1","Success"
"30-Apr-16 17:59:19","Reg SV Sr/Dis","0160005892060315","N/A","","SV Entry (Tag On)","","1","0.35","0.00","-0.35","-0.35","4.35","Unlmtd","","Success"
"30-Apr-16 18:01:11","Reg SV Regular","0160005695659354","N/A","","SV Entry (Tag On)","","1","0.75","0.00","-0.75","-0.75","28.75","Unlmtd","","Success"
"30-Apr-16 18:45:16","Reg SV Regular","0160008663103199","N/A","","SV Entry (Tag On)","","1","0.75","0.00","-0.75","-0.75","2.00","Unlmtd","","Success"
"30-Apr-16 18:58:03","ASI","0160008091648799","N/A","","Pass Entry (Tag On)","","1","0.00","0.00","0.00","0.00","0.00","Unlmtd","0","Success"
"30-Apr-16 19:37:00","Reg SV Regular","0160004973488479","N/A","","SV Entry (Tag On)","","1","0.75","0.00","-0.75","-0.75","12.25","Unlmtd","","Success"
,"Pasadena","BMV08309",,"3218"
"30-Apr-16 10:48:31","Reg SV Regular","01701002068678570240","N/A","","SV Entry (Tag On)","","1","0.75","0.00","-0.75","-0.75","3.25","Unlmtd","","Success"
"30-Apr-16 11:23:23","ASI","0160005688416796","N/A","","Pass Entry (Tag On)","","1","0.00","0.00","0.00","0.00","0.00","Unlmtd","0","Success"
"30-Apr-16 11:26:31","ASI","0160005498569438","N/A","","Pass Entry (Tag On)","","1","0.00","0.00","0.00","0.00","0.00","Unlmtd","0","Success"
"30-Apr-16 11:48:02","ASI","0160005501266071","N/A","","Pass Entry (Tag On)","","1","0.00","0.00","0.00","0.00","0.00","Unlmtd","0","Success"
"30-Apr-16 11:52:29","ASI","0160005334716318","N/A","","Pass Entry (Tag On)","","1","0.00","0.00","0.00","0.00","0.00","Unlmtd","0","Success"
"30-Apr-16 11:53:51","Reg SV Regular","0160007874566277","N/A","","SV Entry (Tag On)","","1","0.75","0.00","-0.75","-0.75","0.75","Unlmtd","","Success"
"30-Apr-16 12:14:42","ASI","0160005583244319","N/A","","Pass Entry (Tag On)","","1","0.00","0.00","0.00","0.00","0.00","Unlmtd","0","Success"
"30-Apr-16 12:16:44","ASI","0160008074052316","N/A","","Pass Entry (Tag On)","","1","0.00","0.00","0.00","0.00","0.00","Unlmtd","0","Success"
"30-Apr-16 12:18:30","ASI","0160005678225439","N/A","","Pass Entry (Tag On)","","1","0.00","0.00","0.00","0.00","0.00","Unlmtd","0","Success"
"30-Apr-16 12:20:09","ASI","0160008064166449","N/A","","Pass Entry (Tag On)","","1","0.00","0.00","0.00","0.00","0.00","Unlmtd","0","Success"
"30-Apr-16 12:20:12","ASI","0160019692198910","N/A","","Pass Entry (Tag On)","","1","0.00","0.00","0.00","0.00","0.00","Unlmtd","0","Success"
"30-Apr-16 12:20:54","ASI","0160041279924807","N/A","","Pass Entry (Tag On)","","1","0.00","0.00","0.00","0.00","0.00","Unlmtd","0","Success"
"30-Apr-16 13:21:37","ASI","0160008034289800","N/A","","Pass Entry (Tag On)","","1","0.00","0.00","0.00","0.00","0.00","Unlmtd","0","Success"
"30-Apr-16 14:00:05","ASI","0160008141869593","N/A","","Pass Entry (Tag On)","","1","0.00","0.00","0.00","0.00","0.00","Unlmtd","0","Success"
"30-Apr-16 14:00:40","ASI","0160005587677910","N/A","","Pass Entry (Tag On)","","1","0.00","0.00","0.00","0.00","0.00","Unlmtd","0","Success"
"30-Apr-16 14:42:29","Reg SV Regular","0160008913790555","N/A","","SV Entry (Tag On)","","1","0.75","0.00","-0.75","-0.75","9.75","Unlmtd","","Success"
"30-Apr-16 14:45:17","ASI","0160011542093185","N/A","","Pass Entry (Tag On)","","1","0.00","0.00","0.00","0.00","0.00","Unlmtd","0","Success"
"30-Apr-16 14:47:00","ASI","0160005585825750","N/A","","Pass Entry (Tag On)","","1","0.00","0.00","0.00","0.00","3.00","Unlmtd","0","Success"
"30-Apr-16 14:59:36","ASI","0160005654036313","N/A","","Pass Entry (Tag On)","","1","0.00","0.00","0.00","0.00","0.00","Unlmtd","0","Success"
"30-Apr-16 15:20:01","ASI","0160008290777431","N/A","","Pass Entry (Tag On)","","1","0.00","0.00","0.00","0.00","0.00","Unlmtd","0","Success"
"30-Apr-16 16:14:13","ASI","0160008110469912","N/A","","Pass Entry (Tag On)","","1","0.00","0.00","0.00","0.00","0.00","Unlmtd","0","Success"
"30-Apr-16 16:23:29","ASI","0160028111736598","N/A","","Pass Entry (Tag On)","","1","0.00","0.00","0.00","0.00","0.00","Unlmtd","0","Success"
"30-Apr-16 16:24:24","ASI","0160005654036313","N/A","","Pass Entry (Tag On)","","1","0.00","0.00","0.00","0.00","0.00","Unlmtd","0","Success"
"30-Apr-16 16:25:35","Reg SV Regular","0160002838550947","N/A","","SV Entry (Tag On)","","1","0.75","0.00","-0.75","-0.75","0.50","Unlmtd","","Success"
"30-Apr-16 16:25:37","Reg SV Regular","0160003099506941","N/A","","SV Entry (Tag On)","","1","0.75","0.00","-0.75","-0.75","36.90","Unlmtd","","Success"
"30-Apr-16 16:45:54","Reg SV Regular","0160005570014550","N/A","","SV Entry (Tag On)","","1","0.75","0.00","-0.75","-0.75","3.75","Unlmtd","","Success"
"30-Apr-16 17:09:41","ASI","0160008087670872","N/A","","Pass Entry (Tag On)","","1","0.00","0.00","0.00","0.00","0.00","Unlmtd","0","Success"
"30-Apr-16 17:09:56","Reg SV Sr/Dis","01701357368484327681","N/A","","SV Entry (Tag On)","","1","0.35","0.00","-0.35","-0.35","0.30","Unlmtd","","Success"
"30-Apr-16 17:27:58","ASI","0160005782761758","N/A","","Pass Entry (Tag On)","","1","0.00","0.00","0.00","0.00","0.00","Unlmtd","0","Success"
"30-Apr-16 18:49:41","EZ Pass AdultZ0","0160007941114119","N/A","","Pass Entry (Tag On)","","1","0.00","0.00","0.00","0.00","12.90","Unlmtd","1","Success"
"30-Apr-16 19:12:13","ASI","0160005333601750","N/A","","Pass Entry (Tag On)","","1","0.00","0.00","0.00","0.00","0.00","Unlmtd","0","Success"
"30-Apr-16 19:32:01","ASI","0160008034196526","N/A","","Pass Entry (Tag On)","","1","0.00","0.00","0.00","0.00","0.00","Unlmtd","0","Success"
,"Pasadena","BMV08323",,"3296"
"30-Apr-16 10:55:08","ASI","0160005334705113","N/A","","Pass Entry (Tag On)","","1","0.00","0.00","0.00","0.00","0.00","Unlmtd","0","Success"
"30-Apr-16 12:01:22","Reg SV Regular","0160007763079713","N/A","","SV Entry (Tag On)","","1","0.75","0.00","-0.75","-0.75","15.25","Unlmtd","","Success"
"30-Apr-16 12:49:22","Reg SV Regular","0160008910309599","N/A","","SV Entry (Tag On)","","1","0.75","0.00","-0.75","-0.75","5.50","Unlmtd","","Success"
"30-Apr-16 12:59:18","Reg SV Sr/Dis","0160005283159197","N/A","","SV Entry (Tag On)","","1","0.35","0.00","-0.35","-0.35","9.35","Unlmtd","","Success"
"30-Apr-16 12:59:20","Reg SV Sr/Dis","0160005806355678","N/A","","SV Entry (Tag On)","","1","0.35","0.00","-0.35","-0.35","11.15","Unlmtd","","Success"
"30-Apr-16 13:15:10","Reg SV Regular","0160008833604613","N/A","","SV Entry (Tag On)","","1","0.75","0.00","-0.75","-0.75","15.75","Unlmtd","","Success"
"30-Apr-16 13:53:11","Reg SV Regular","0160008321390873","N/A","","SV Entry (Tag On)","","1","0.75","0.00","-0.75","-0.75","13.25","Unlmtd","","Success"
"30-Apr-16 14:01:52","ASI","0160008290757276","N/A","","Pass Entry (Tag On)","","1","0.00","0.00","0.00","0.00","0.00","Unlmtd","0","Success"
"30-Apr-16 14:01:54","ASI","0160041892672320","N/A","","Pass Entry (Tag On)","","1","0.00","0.00","0.00","0.00","0.00","Unlmtd","0","Success"
"30-Apr-16 14:15:41","Reg SV Regular","0160010257399688","N/A","","SV Entry (Tag On)","","1","0.75","0.00","-0.75","-0.75","2.00","Unlmtd","","Success"
"30-Apr-16 14:16:47","ASI","0160008108445270","N/A","","Pass Entry (Tag On)","","1","0.00","0.00","0.00","0.00","0.00","Unlmtd","0","Success"
"30-Apr-16 14:16:51","ASI","0160005594520475","N/A","","Pass Entry (Tag On)","","1","0.00","0.00","0.00","0.00","0.00","Unlmtd","0","Success"
"30-Apr-16 14:43:49","Reg SV Regular","0160002451116380","N/A","","SV Entry (Tag On)","","1","0.75","0.00","-0.75","-0.75","10.25","Unlmtd","","Success"
"30-Apr-16 15:00:02","ASI","0160008106691354","N/A","","Pass Entry (Tag On)","","1","0.00","0.00","0.00","0.00","0.00","Unlmtd","0","Success"
"30-Apr-16 15:34:03","ASI","0160033086345706","N/A","","Pass Entry (Tag On)","","1","0.00","0.00","0.00","0.00","0.00","Unlmtd","0","Success"
"30-Apr-16 16:44:33","Reg SV Regular","0160007763079713","N/A","","SV Entry (Tag On)","","1","0.75","0.00","-0.75","-0.75","14.50","Unlmtd","","Success"
"30-Apr-16 17:20:55","ASI","0160036515250678","N/A","","Pass Entry (Tag On)","","1","0.00","0.00","0.00","0.00","0.00","Unlmtd","0","Success"
"30-Apr-16 17:23:55","ASI","0160019589648514","N/A","","Pass Entry (Tag On)","","1","0.00","0.00","0.00","0.00","0.00","Unlmtd","0","Success"
"30-Apr-16 17:31:21","ASI","0160005782787993","N/A","","Pass Entry (Tag On)","","1","0.00","0.00","0.00","0.00","0.00","Unlmtd","0","Success"
"30-Apr-16 17:47:30","Reg SV Regular","0160036054913025","N/A","","SV Entry (Tag On)","","1","0.75","0.00","-0.75","-0.75","14.50","Unlmtd","","Success"
"30-Apr-16 18:36:59","Reg SV Regular","0160008273897115","N/A","","SV Entry (Tag On)","","1","0.75","0.00","-0.75","-0.75","30.75","Unlmtd","","Success"
"30-Apr-16 18:41:02","Reg SV Regular","0160001058378005","N/A","","SV Entry (Tag On)","","1","0.75","0.00","-0.75","-0.75","10.75","Unlmtd","","Success"
"30-Apr-16 18:41:13","Reg SV Regular","0160001058370325","N/A","","SV Entry (Tag On)","","1","0.75","0.00","-0.75","-0.75","10.75","Unlmtd","","Success"
"30-Apr-16 19:34:11","Reg SV Regular","0160008237754394","N/A","","SV Entry (Tag On)","","1","0.75","0.00","-0.75","-0.75","11.65","Unlmtd","","Success"
,"Pasadena","BMV08370",,"3293"
"30-Apr-16 07:51:48","ASI","0160011832019262","N/A","","Pass Entry (Tag On)","","1","0.00","0.00","0.00","0.00","0.00","Unlmtd","0","Success"
"30-Apr-16 08:06:55","Reg SV Regular","0160004946780630","N/A","","SV Entry (Tag On)","","1","0.75","0.00","-0.75","-0.75","2.75","Unlmtd","","Success"
"30-Apr-16 08:13:54","EZ Pass AdultZ0","0160041198036089","N/A","","Pass Entry (Tag On)","","1","0.00","0.00","0.00","0.00","0.00","Unlmtd","0","Success"
"30-Apr-16 08:58:39","ASI","0160036515261071","N/A","","Pass Entry (Tag On)","","1","0.00","0.00","0.00","0.00","0.00","Unlmtd","0","Success"
"30-Apr-16 09:03:44","ASI","0160033081310507","N/A","","Pass Entry (Tag On)","","1","0.00","0.00","0.00","0.00","0.00","Unlmtd","0","Success"
"30-Apr-16 09:47:48","ASI","0160005755075673","N/A","","Pass Entry (Tag On)","","1","0.00","0.00","0.00","0.00","0.00","Unlmtd","0","Success"
"30-Apr-16 10:32:23","ASI","0160008072655193","N/A","","Pass Entry (Tag On)","","1","0.00","0.00","0.00","0.00","0.00","Unlmtd","0","Success"
"30-Apr-16 12:35:25","Reg SV Student","0160029024629318","N/A","","SV Entry (Tag On)","","1","0.50","0.00","-0.50","-0.50","11.50","Unlmtd","","Success"
"30-Apr-16 12:35:27","Reg SV Regular","0160004829832474","N/A","","SV Entry (Tag On)","","1","0.75","0.00","-0.75","-0.75","23.45","Unlmtd","","Success"
"30-Apr-16 14:14:33","Reg SV Student","0160029024629318","N/A","","SV Entry (Tag On)","","1","0.50","0.00","-0.50","-0.50","11.00","Unlmtd","","Success"
"30-Apr-16 14:14:35","Reg SV Regular","0160004829832474","N/A","","SV Entry (Tag On)","","1","0.75","0.00","-0.75","-0.75","22.70","Unlmtd","","Success"
"30-Apr-16 14:25:18","Reg SV Regular","0160005377334870","N/A","","SV Entry (Tag On)","","1","0.75","0.00","-0.75","-0.75","133.75","Unlmtd","","Success"
"30-Apr-16 14:41:20","ASI","0160008071993751","N/A","","Pass Entry (Tag On)","","1","0.00","0.00","0.00","0.00","0.00","Unlmtd","0","Success"
"30-Apr-16 15:37:34","Reg SV Regular","0160040662924408","N/A","","SV Entry (Tag On)","","1","0.75","0.00","-0.75","-0.75","14.50","Unlmtd","","Success"
"30-Apr-16 16:27:55","Reg SV Regular","01700846801584288040","N/A","","SV Entry (Tag On)","","1","0.75","0.00","-0.75","-0.75","16.90","Unlmtd","","Success"
"30-Apr-16 16:47:55","ASI","0160033064828426","N/A","","Pass Entry (Tag On)","","1","0.00","0.00","0.00","0.00","0.00","Unlmtd","0","Success"
"30-Apr-16 17:31:47","ASI","0160005334576159","N/A","","Pass Entry (Tag On)","","1","0.00","0.00","0.00","0.00","0.00","Unlmtd","0","Success"
"30-Apr-16 17:41:20","EZ Pass AdultZ0","0160035438114789","N/A","","Pass Entry (Tag On)","","1","0.00","0.00","0.00","0.00","0.25","Unlmtd","0","Success"
"30-Apr-16 17:41:39","Reg SV Regular","0160008517389598","N/A","","SV Entry (Tag On)","","1","0.75","0.00","-0.75","-0.75","8.75","Unlmtd","","Success"
"30-Apr-16 17:50:56","EZ Pass AdultZ0","0160041198036089","N/A","","Pass Entry (Tag On)","","1","0.00","0.00","0.00","0.00","0.00","Unlmtd","0","Success"
"30-Apr-16 18:21:52","ASI","0160011832019262","N/A","","Pass Entry (Tag On)","","1","0.00","0.00","0.00","0.00","0.00","Unlmtd","0","Success"
"30-Apr-16 18:32:06","Reg SV Regular","01700846801584288040","N/A","","SV Entry (Tag On)","","1","0.75","0.00","-0.75","-0.75","16.15","Unlmtd","","Success"
,"Pasadena","BMV08412",,"3298"
"30-Apr-16 10:52:21","ASI","0160019692531870","N/A","","Pass Entry (Tag On)","","1","0.00","0.00","0.00","0.00","0.00","Unlmtd","0","Success"
"30-Apr-16 10:53:57","EZ Pass S/D Z0","0160039804618860","N/A","","Pass Entry (Tag On)","","1","0.00","0.00","0.00","0.00","0.11","Unlmtd","0","Success"
"30-Apr-16 11:18:17","Reg SV Regular","0160041858585201","N/A","","SV Entry (Tag On)","","1","0.75","0.00","-0.75","-0.75","18.25","Unlmtd","","Success"
"30-Apr-16 11:26:58","Reg SV Regular","0160008376342233","N/A","","SV Entry (Tag On)","","1","0.75","0.00","-0.75","-0.75","8.50","Unlmtd","","Success"
"30-Apr-16 12:19:04","ASI","0160005510453272","N/A","","Pass Entry (Tag On)","","1","0.00","0.00","0.00","0.00","0.00","Unlmtd","0","Success"
"30-Apr-16 12:34:43","EZ Pass AD Repl","0160009094588990","N/A","","Pass Entry (Tag On)","","1","0.00","0.00","0.00","0.00","0.00","Unlmtd","0","Success"
"30-Apr-16 12:38:27","ASI","0160005334914079","N/A","","Pass Entry (Tag On)","","1","0.00","0.00","0.00","0.00","0.00","Unlmtd","0","Success"
"30-Apr-16 13:32:46","EZ Pass AdultZ0","0160010328467522","N/A","","Pass Entry (Tag On)","","1","0.00","0.00","0.00","0.00","0.00","Unlmtd","2","Success"
"30-Apr-16 13:35:57","ASI","0160005328435354","N/A","","Pass Entry (Tag On)","","1","0.00","0.00","0.00","0.00","0.00","Unlmtd","0","Success"
"30-Apr-16 13:58:42","Reg SV Regular","0160001058370325","N/A","","SV Entry (Tag On)","","1","0.75","0.00","-0.75","-0.75","11.50","Unlmtd","","Success"
"30-Apr-16 13:58:44","Reg SV Regular","0160001058378005","N/A","","SV Entry (Tag On)","","1","0.75","0.00","-0.75","-0.75","11.50","Unlmtd","","Success"
"30-Apr-16 14:20:38","ASI","0160008290757276","N/A","","Pass Entry (Tag On)","","1","0.00","0.00","0.00","0.00","0.00","Unlmtd","0","Success"
"30-Apr-16 14:20:42","ASI","0160041892672320","N/A","","Pass Entry (Tag On)","","1","0.00","0.00","0.00","0.00","0.00","Unlmtd","0","Success"
"30-Apr-16 14:26:41","Reg SV Regular","0160000513210647","N/A","","SV Entry (Tag On)","","1","0.75","0.00","-0.75","-0.75","123.00","Unlmtd","","Success"
"30-Apr-16 14:30:40","ASI","0160012372652546","N/A","","Pass Entry (Tag On)","","1","0.00","0.00","0.00","0.00","0.40","Unlmtd","0","Success"
"30-Apr-16 15:02:57","ASI","0160019589402433","N/A","","Pass Entry (Tag On)","","1","0.00","0.00","0.00","0.00","0.00","Unlmtd","0","Success"
"30-Apr-16 15:04:39","ASI","0160028112483794","N/A","","Pass Entry (Tag On)","","1","0.00","0.00","0.00","0.00","0.00","Unlmtd","0","Success"
"30-Apr-16 15:05:24","ASI","0160005688545438","N/A","","Pass Entry (Tag On)","","1","0.00","0.00","0.00","0.00","0.00","Unlmtd","0","Success"
"30-Apr-16 15:29:29","EZ Pass AdultZ0","0160042466764402","N/A","","Pass Entry (Tag On)","","1","0.00","0.00","0.00","0.00","0.00","Unlmtd","2","Success"
"30-Apr-16 15:52:17","ASI","0160005782787993","N/A","","Pass Entry (Tag On)","","1","0.00","0.00","0.00","0.00","0.00","Unlmtd","0","Success"
"30-Apr-16 16:20:35","ASI","0160033065097864","N/A","","Pass Entry (Tag On)","","1","0.00","0.00","0.00","0.00","0.00","Unlmtd","0","Success"
"30-Apr-16 17:04:42","ASI","0160019589209630","N/A","","Pass Entry (Tag On)","","1","0.00","0.00","0.00","0.00","0.00","Unlmtd","0","Success"
"30-Apr-16 17:36:49","Reg SV Regular","0160008521735190","N/A","","SV Entry (Tag On)","","1","0.75","0.00","-0.75","-0.75","10.25","Unlmtd","","Success"
"30-Apr-16 18:09:55","ASI","0160008141487834","N/A","","Pass Entry (Tag On)","","1","0.00","0.00","0.00","0.00","0.00","Unlmtd","0","Success"
"30-Apr-16 18:32:53","Reg SV Regular","0160007800685639","N/A","","SV Entry (Tag On)","","1","0.75","0.00","-0.75","-0.75","4.25","Unlmtd","","Success"
"30-Apr-16 18:32:56","Reg SV Regular","0160008160582598","N/A","","SV Entry (Tag On)","","1","0.75","0.00","-0.75","-0.75","4.50","Unlmtd","","Success"
"30-Apr-16 18:32:57","Reg SV Regular","0160010260488965","N/A","","SV Entry (Tag On)","","1","0.75","0.00","-0.75","-0.75","3.75","Unlmtd","","Success"
"30-Apr-16 19:27:07","PS Try Tran Mon","0160042586851444","N/A","","Pass Entry (Tag On)","","1","0.00","0.00","0.00","0.00","0.00","Unlmtd","0","Success"
"30-Apr-16 19:27:12","Reg SV Regular","0160000428618850","N/A","","SV Entry (Tag On)","","1","0.75","0.00","-0.75","-0.75","12.90","Unlmtd","","Success"
,"Pasadena","BMV08418",,"3292"
"30-Apr-16 11:04:58","ASI","0160008050390607","N/A","","Pass Entry (Tag On)","","1","0.00","0.00","0.00","0.00","0.00","Unlmtd","0","Success"
"30-Apr-16 11:05:02","ASI","0160005688457113","N/A","","Pass Entry (Tag On)","","1","0.00","0.00","0.00","0.00","0.00","Unlmtd","0","Success"
"30-Apr-16 11:06:07","Reg SV Regular","0160005377334870","N/A","","SV Entry (Tag On)","","1","0.75","0.00","-0.75","-0.75","138.00","Unlmtd","","Success"
"30-Apr-16 11:14:34","ASI","0160005533707993","N/A","","Pass Entry (Tag On)","","1","0.00","0.00","0.00","0.00","0.00","Unlmtd","0","Success"
"30-Apr-16 11:33:10","EZ Pass S/D Z0","0160039804618860","N/A","","Pass Entry (Tag On)","","1","0.00","0.00","0.00","0.00","0.11","Unlmtd","0","Success"
"30-Apr-16 11:41:56","ASI","0160008050390607","N/A","","Pass Entry (Tag On)","","1","0.00","0.00","0.00","0.00","0.00","Unlmtd","0","Success"
"30-Apr-16 12:28:44","EZ Pass AdultZ0","0160010328467522","N/A","","Pass Entry (Tag On)","","1","0.00","0.00","0.00","0.00","0.00","Unlmtd","2","Success"
"30-Apr-16 12:35:59","EZ Pass AdultZ0","0160008597295830","N/A","","Pass Entry (Tag On)","","1","0.00","0.00","0.00","0.00","0.00","Unlmtd","0","Success"
"30-Apr-16 12:36:35","ASI","0160005688545438","N/A","","Pass Entry (Tag On)","","1","0.00","0.00","0.00","0.00","0.00","Unlmtd","0","Success"
"30-Apr-16 12:52:26","ASI","0160005782787993","N/A","","Pass Entry (Tag On)","","1","0.00","0.00","0.00","0.00","0.00","Unlmtd","0","Success"
"30-Apr-16 12:55:54","ASI","0160005688545438","N/A","","Pass Entry (Tag On)","","1","0.00","0.00","0.00","0.00","0.00","Unlmtd","0","Success"
"30-Apr-16 13:46:40","Reg SV Sr/Dis","0160005437596310","N/A","","SV Entry (Tag On)","","1","0.35","0.00","-0.35","-0.35","7.80","Unlmtd","","Success"
"30-Apr-16 13:46:41","Reg SV Regular","0160005659977438","N/A","","SV Entry (Tag On)","","1","0.75","0.00","-0.75","-0.75","23.65","Unlmtd","","Success"
"30-Apr-16 13:46:43","Reg SV Regular","0160008299794718","N/A","","SV Entry (Tag On)","","1","0.75","0.00","-0.75","-0.75","7.75","Unlmtd","","Success"
"30-Apr-16 13:50:47","ASI","0160028112483794","N/A","","Pass Entry (Tag On)","","1","0.00","0.00","0.00","0.00","0.00","Unlmtd","0","Success"
"30-Apr-16 14:17:01","Reg SV Regular","0160041858585201","N/A","","SV Entry (Tag On)","","1","0.75","0.00","-0.75","-0.75","15.75","Unlmtd","","Success"
"30-Apr-16 14:40:33","Reg SV Regular","0160007816038880","N/A","","SV Entry (Tag On)","","1","0.75","0.00","-0.75","-0.75","17.50","Unlmtd","","Success"
"30-Apr-16 14:50:20","EZ Pass AdultZ1","0160005643167195","N/A","","Pass Entry (Tag On)","","1","0.00","0.00","0.00","0.00","0.00","Unlmtd","0","Success"
"30-Apr-16 15:09:53","ASI","0160004975267673","N/A","","Pass Entry (Tag On)","","1","0.00","0.00","0.00","0.00","0.00","Unlmtd","0","Success"
"30-Apr-16 15:41:50","Reg SV Regular","0160008910309599","N/A","","SV Entry (Tag On)","","1","0.75","0.00","-0.75","-0.75","4.75","Unlmtd","","Success"
"30-Apr-16 15:51:35","ASI","0160004975267673","N/A","","Pass Entry (Tag On)","","1","0.00","0.00","0.00","0.00","0.00","Unlmtd","0","Success"
"30-Apr-16 16:05:11","ASI","0160008290757276","N/A","","Pass Entry (Tag On)","","1","0.00","0.00","0.00","0.00","0.00","Unlmtd","0","Success"
"30-Apr-16 16:06:24","Reg SV Regular","0160008677721432","N/A","","SV Entry (Tag On)","","1","0.75","0.00","-0.75","-0.75","0.75","Unlmtd","","Success"
"30-Apr-16 16:49:00","Reg SV Regular","0160008520667030","N/A","","SV Entry (Tag On)","","1","0.75","0.00","-0.75","-0.75","51.25","Unlmtd","","Success"
"30-Apr-16 19:12:56","ASI","0160021204670881","N/A","","Pass Entry (Tag On)","","1","0.00","0.00","0.00","0.00","0.25","Unlmtd","0","Success"
"30-Apr-16 19:19:25","Reg SV Regular","0160008677721432","N/A","","SV Entry (Tag On)","","1","0.75","0.00","-0.75","-0.75","0.00","Unlmtd","","Success"
"30-Apr-16 19:35:41","Reg SV Regular","0160001058370325","N/A","","SV Entry (Tag On)","","1","0.75","0.00","-0.75","-0.75","10.00","Unlmtd","","Success"
"30-Apr-16 19:35:45","Reg SV Regular","0160001058378005","N/A","","SV Entry (Tag On)","","1","0.75","0.00","-0.75","-0.75","10.00","Unlmtd","","Success"
,"Pasadena","BMV08454",,"3220"
"30-Apr-16 10:47:35","ASI","0160005334716318","N/A","","Pass Entry (Tag On)","","1","0.00","0.00","0.00","0.00","0.00","Unlmtd","0","Success"
"30-Apr-16 11:32:01","ASI","0160008118880797","N/A","","Pass Entry (Tag On)","","1","0.00","0.00","0.00","0.00","0.00","Unlmtd","0","Success"
"30-Apr-16 11:35:11","Reg SV Regular","0160008118966232","N/A","","SV Entry (Tag On)","","1","0.75","0.00","-0.75","-0.75","24.25","Unlmtd","","Success"
"30-Apr-16 11:35:54","ASI","0160041279924807","N/A","","Pass Entry (Tag On)","","1","0.00","0.00","0.00","0.00","0.00","Unlmtd","0","Success"
"30-Apr-16 11:50:40","ASI","0160042245076169","N/A","","Pass Entry (Tag On)","","1","0.00","0.00","0.00","0.00","0.00","Unlmtd","0","Success"
"30-Apr-16 11:55:33","ASI","0160019591285156","N/A","","Pass Entry (Tag On)","","1","0.00","0.00","0.00","0.00","0.00","Unlmtd","0","Success"
"30-Apr-16 11:57:27","ASI","0160033065107143","N/A","","Pass Entry (Tag On)","","1","0.00","0.00","0.00","0.00","0.00","Unlmtd","0","Success"
"30-Apr-16 12:32:42","EZ Annual Z5","0160036860536143","N/A","","Pass Entry (Tag On)","","1","0.00","0.00","0.00","0.00","0.00","Unlmtd","0","Success"
"30-Apr-16 12:36:29","ASI","0160019591285156","N/A","","Pass Entry (Tag On)","","1","0.00","0.00","0.00","0.00","0.00","Unlmtd","0","Success"
"30-Apr-16 12:36:35","ASI","0160033065107143","N/A","","Pass Entry (Tag On)","","1","0.00","0.00","0.00","0.00","0.00","Unlmtd","0","Success"
"30-Apr-16 12:52:35","ASI","0160028110442990","N/A","","Pass Entry (Tag On)","","1","0.00","0.00","0.00","0.00","0.00","Unlmtd","0","Success"
"30-Apr-16 13:00:40","ASI","0160008150044955","N/A","","Pass Entry (Tag On)","","1","0.00","0.00","0.00","0.00","0.00","Unlmtd","0","Success"
"30-Apr-16 13:06:27","ASI","0160005327771031","N/A","","Pass Entry (Tag On)","","1","0.00","0.00","0.00","0.00","0.00","Unlmtd","0","Success"
"30-Apr-16 13:06:30","ASI","0160005501495514","N/A","","Pass Entry (Tag On)","","1","0.00","0.00","0.00","0.00","0.00","Unlmtd","0","Success"
"30-Apr-16 13:25:51","Reg SV Regular","0160038854179815","N/A","","SV Entry (Tag On)","","1","0.75","0.00","-0.75","-0.75","21.10","Unlmtd","","Success"
"30-Apr-16 13:30:36","ASI","0160005702152476","N/A","","Pass Entry (Tag On)","","1","0.00","0.00","0.00","0.00","0.00","Unlmtd","0","Success"
"30-Apr-16 13:35:02","ASI","0160036513908434","N/A","","Pass Entry (Tag On)","","1","0.00","0.00","0.00","0.00","0.00","Unlmtd","0","Success"
"30-Apr-16 13:50:33","ASI","0160036515583474","N/A","","Pass Entry (Tag On)","","1","0.00","0.00","0.00","0.00","0.00","Unlmtd","0","Success"
"30-Apr-16 13:54:11","EZ Pass S/D Z0","0160005901134234","N/A","","Pass Entry (Tag On)","","1","0.00","0.00","0.00","0.00","0.10","Unlmtd","0","Success"
"30-Apr-16 14:04:46","ASI","0160005654036313","N/A","","Pass Entry (Tag On)","","1","0.00","0.00","0.00","0.00","0.00","Unlmtd","0","Success"
"30-Apr-16 14:24:43","ASI","0160005327771031","N/A","","Pass Entry (Tag On)","","1","0.00","0.00","0.00","0.00","0.00","Unlmtd","0","Success"
"30-Apr-16 14:24:45","ASI","0160005501495514","N/A","","Pass Entry (Tag On)","","1","0.00","0.00","0.00","0.00","0.00","Unlmtd","0","Success"
"30-Apr-16 14:37:35","ASI","0160008280931352","N/A","","Pass Entry (Tag On)","","1","0.00","0.00","0.00","0.00","0.00","Unlmtd","0","Success"
"30-Apr-16 14:38:59","ASI","0160041880306881","N/A","","Pass Entry (Tag On)","","1","0.00","0.00","0.00","0.00","0.00","Unlmtd","0","Success"
"30-Apr-16 14:48:25","ASI","0160005702152476","N/A","","Pass Entry (Tag On)","","1","0.00","0.00","0.00","0.00","0.00","Unlmtd","0","Success"
"30-Apr-16 14:55:17","ASI","0160005334490070","N/A","","Pass Entry (Tag On)","","1","0.00","0.00","0.00","0.00","0.00","Unlmtd","0","Success"
"30-Apr-16 15:35:00","ASI","0160005334490070","N/A","","Pass Entry (Tag On)","","1","0.00","0.00","0.00","0.00","0.00","Unlmtd","0","Success"
"30-Apr-16 15:39:15","Reg SV Regular","0160009067490075","N/A","","SV Entry (Tag On)","","1","0.75","0.00","-0.75","-0.75","0.75","Unlmtd","","Success"
"30-Apr-16 15:42:00","Reg SV Regular","0160008673377114","N/A","","SV Entry (Tag On)","","1","0.75","0.00","-0.75","-0.75","8.75","Unlmtd","","Success"
"30-Apr-16 16:19:26","Reg SV Regular","0160008636172958","N/A","","SV Entry (Tag On)","","1","0.75","0.00","-0.75","-0.75","5.50","Unlmtd","","Success"
"30-Apr-16 16:19:32","Reg SV Regular","0160008378369119","N/A","","SV Entry (Tag On)","","1","0.75","0.00","-0.75","-0.75","1.85","Unlmtd","","Success"
"30-Apr-16 16:36:26","ASI","0160008075649433","N/A","","Pass Entry (Tag On)","","1","0.00","0.00","0.00","0.00","0.00","Unlmtd","0","Success"
"30-Apr-16 16:36:57","ASI","0160028111736598","N/A","","Pass Entry (Tag On)","","1","0.00","0.00","0.00","0.00","0.00","Unlmtd","0","Success"
"30-Apr-16 16:43:38","ASI","0160008071993751","N/A","","Pass Entry (Tag On)","","1","0.00","0.00","0.00","0.00","0.00","Unlmtd","0","Success"
"30-Apr-16 17:00:09","ASI","0160005654036313","N/A","","Pass Entry (Tag On)","","1","0.00","0.00","0.00","0.00","0.00","Unlmtd","0","Success"
"30-Apr-16 17:31:15","ASI","0160038273293874","N/A","","Pass Entry (Tag On)","","1","0.00","0.00","0.00","0.00","0.00","Unlmtd","0","Success"
"30-Apr-16 17:37:35","ASI","0160036513746198","N/A","","Pass Entry (Tag On)","","1","0.00","0.00","0.00","0.00","0.00","Unlmtd","0","Success"
"30-Apr-16 17:40:06","ASI","0160036514688274","N/A","","Pass Entry (Tag On)","","1","0.00","0.00","0.00","0.00","0.00","Unlmtd","0","Success"
"30-Apr-16 18:33:31","PS Try Tran Mon","0160042586851444","N/A","","Pass Entry (Tag On)","","1","0.00","0.00","0.00","0.00","0.00","Unlmtd","0","Success"
,"Pasadena","BMV08922",,"3221"
"30-Apr-16 10:59:07","ASI","0160008106691354","N/A","","Pass Entry (Tag On)","","1","0.00","0.00","0.00","0.00","0.00","Unlmtd","0","Success"
"30-Apr-16 11:03:43","Reg SV Regular","0160003099506941","N/A","","SV Entry (Tag On)","","1","0.75","0.00","-0.75","-0.75","37.65","Unlmtd","","Success"
"30-Apr-16 11:03:47","Reg SV Regular","0160002838550947","N/A","","SV Entry (Tag On)","","1","0.75","0.00","-0.75","-0.75","1.25","Unlmtd","","Success"
"30-Apr-16 11:35:42","ASI","0160005781944470","N/A","","Pass Entry (Tag On)","","1","0.00","0.00","0.00","0.00","0.00","Unlmtd","0","Success"
"30-Apr-16 11:42:01","ASI","0160041279133920","N/A","","Pass Entry (Tag On)","","1","0.00","0.00","0.00","0.00","0.00","Unlmtd","0","Success"
"30-Apr-16 11:56:24","ASI","0160005533707993","N/A","","Pass Entry (Tag On)","","1","0.00","0.00","0.00","0.00","0.00","Unlmtd","0","Success"
"30-Apr-16 12:01:43","ASI","0160005342376154","N/A","","Pass Entry (Tag On)","","1","0.00","0.00","0.00","0.00","0.00","Unlmtd","0","Success"
"30-Apr-16 12:05:02","Reg SV Regular","0160005873163674","N/A","","SV Entry (Tag On)","","1","0.75","0.00","-0.75","-0.75","26.75","Unlmtd","","Success"
"30-Apr-16 12:05:19","Reg SV Regular","0160005605189914","N/A","","SV Entry (Tag On)","","1","0.75","0.00","-0.75","-0.75","0.50","Unlmtd","","Success"
"30-Apr-16 12:06:14","ASI","0160008120238877","N/A","","Pass Entry (Tag On)","","1","0.00","0.00","0.00","0.00","0.00","Unlmtd","0","Success"
"30-Apr-16 12:10:03","EZ Pass AdultZ0","0160008010193794","N/A","","Pass Entry (Tag On)","","1","0.00","0.00","0.00","0.00","0.00","Unlmtd","0","Success"
"30-Apr-16 12:28:22","ASI","0160019589490115","N/A","","Pass Entry (Tag On)","","1","0.00","0.00","0.00","0.00","0.00","Unlmtd","0","Success"
"30-Apr-16 12:28:46","ASI","0160005585933919","N/A","","Pass Entry (Tag On)","","1","0.00","0.00","0.00","0.00","0.00","Unlmtd","0","Success"
"30-Apr-16 12:42:41","Reg SV Regular","01700998440751755527","N/A","","SV Entry (Tag On)","","1","0.75","0.00","-0.75","-0.75","0.00","Unlmtd","","Success"
"30-Apr-16 12:55:43","ASI","0160008139195670","N/A","","Pass Entry (Tag On)","","1","0.00","0.00","0.00","0.00","0.00","Unlmtd","0","Success"
"30-Apr-16 13:08:31","ASI","0160005334716318","N/A","","Pass Entry (Tag On)","","1","0.00","0.00","0.00","0.00","0.00","Unlmtd","0","Success"
"30-Apr-16 13:12:08","ASI","0160005596125919","N/A","","Pass Entry (Tag On)","","1","0.00","0.00","0.00","0.00","0.00","Unlmtd","0","Success"
"30-Apr-16 13:16:02","ASI","0160005678225439","N/A","","Pass Entry (Tag On)","","1","0.00","0.00","0.00","0.00","0.00","Unlmtd","0","Success"
"30-Apr-16 13:51:07","Reg SV Regular","0160008557537437","N/A","","SV Entry (Tag On)","","1","0.75","0.00","-0.75","-0.75","35.75","Unlmtd","","Success"
"30-Apr-16 13:51:09","Reg SV Regular","0160008281598879","N/A","","SV Entry (Tag On)","","1","0.75","0.00","-0.75","-0.75","47.75","Unlmtd","","Success"
"30-Apr-16 14:08:32","ASI","0160005587593752","N/A","","Pass Entry (Tag On)","","1","0.00","0.00","0.00","0.00","0.00","Unlmtd","0","Success"
"30-Apr-16 14:14:16","ASI","0160041888429289","N/A","","Pass Entry (Tag On)","","1","0.00","0.00","0.00","0.00","0.00","Unlmtd","0","Success"
"30-Apr-16 14:18:28","ASI","0160008074434712","N/A","","Pass Entry (Tag On)","","1","0.00","0.00","0.00","0.00","0.00","Unlmtd","0","Success"
"30-Apr-16 14:22:54","ASI","0160041880306881","N/A","","Pass Entry (Tag On)","","1","0.00","0.00","0.00","0.00","0.00","Unlmtd","0","Success"
"30-Apr-16 14:24:55","ASI","0160028110442990","N/A","","Pass Entry (Tag On)","","1","0.00","0.00","0.00","0.00","0.00","Unlmtd","0","Success"
"30-Apr-16 14:48:09","DCFS EZ (New)","01701955558129168641","N/A","","Pass Entry (Tag On)","","1","0.00","0.00","0.00","0.00","1.25","Unlmtd","0","Success"
"30-Apr-16 14:52:06","ASI","0160008071993751","N/A","","Pass Entry (Tag On)","","1","0.00","0.00","0.00","0.00","0.00","Unlmtd","0","Success"
"30-Apr-16 15:12:10","EZ Pass AdultZ1","0160005643167195","N/A","","Pass Entry (Tag On)","","1","0.00","0.00","0.00","0.00","0.00","Unlmtd","0","Success"
"30-Apr-16 15:44:05","ASI","0160011542093185","N/A","","Pass Entry (Tag On)","","1","0.00","0.00","0.00","0.00","0.00","Unlmtd","0","Success"
"30-Apr-16 15:56:52","ASI","0160008120210397","N/A","","Pass Entry (Tag On)","","1","0.00","0.00","0.00","0.00","0.00","Unlmtd","0","Success"
"30-Apr-16 16:00:41","ASI","0160011542641504","N/A","","Pass Entry (Tag On)","","1","0.00","0.00","0.00","0.00","0.00","Unlmtd","0","Success"
"30-Apr-16 16:26:57","Reg SV Regular","0160004903346078","N/A","","SV Entry (Tag On)","","1","0.75","0.00","-0.75","-0.75","0.40","Unlmtd","","Success"
"30-Apr-16 16:32:55","Reg SV Sr/Dis","01701696413202673923","N/A","","SV Entry (Tag On)","","1","0.35","0.00","-0.35","-0.35","2.55","Unlmtd","","Success"
"30-Apr-16 16:37:32","ASI","0160036515583474","N/A","","Pass Entry (Tag On)","","1","0.00","0.00","0.00","0.00","0.00","Unlmtd","0","Success"
"30-Apr-16 16:57:17","ASI","0160036513746198","N/A","","Pass Entry (Tag On)","","1","0.00","0.00","0.00","0.00","0.00","Unlmtd","0","Success"
"30-Apr-16 17:05:15","ASI","0160021186809127","N/A","","Pass Entry (Tag On)","","1","0.00","0.00","0.00","0.00","0.00","Unlmtd","0","Success"
"30-Apr-16 17:10:03","ASI","0160008172365917","N/A","","Pass Entry (Tag On)","","1","0.00","0.00","0.00","0.00","0.00","Unlmtd","0","Success"
"30-Apr-16 17:31:35","ASI","0160008117347350","N/A","","Pass Entry (Tag On)","","1","0.00","0.00","0.00","0.00","0.00","Unlmtd","0","Success"
"30-Apr-16 17:31:46","Reg SV Sr/Dis","0160007946832194","N/A","","SV Entry (Tag On)","","1","0.35","0.00","-0.35","-0.35","1.70","Unlmtd","","Success"
"30-Apr-16 17:33:33","Reg SV Regular","0160008974965153","N/A","","SV Entry (Tag On)","","1","0.75","0.00","-0.75","-0.75","21.00","Unlmtd","","Success"
"30-Apr-16 17:36:56","ASI","0160008110469912","N/A","","Pass Entry (Tag On)","","1","0.00","0.00","0.00","0.00","0.00","Unlmtd","0","Success"
"30-Apr-16 18:31:44","ASI","0160033080027623","N/A","","Pass Entry (Tag On)","","1","0.00","0.00","0.00","0.00","0.00","Unlmtd","0","Success"
"30-Apr-16 18:37:00","ASI","0160005587593752","N/A","","Pass Entry (Tag On)","","1","0.00","0.00","0.00","0.00","0.00","Unlmtd","0","Success"
"30-Apr-16 18:44:26","ASI","0160008287444318","N/A","","Pass Entry (Tag On)","","1","0.00","0.00","0.00","0.00","0.00","Unlmtd","0","Success"
,"Pasadena","BMV09135",,"3222"
"30-Apr-16 11:03:48","ASI","0160036514838838","N/A","","Pass Entry (Tag On)","","1","0.00","0.00","0.00","0.00","0.00","Unlmtd","0","Success"
"30-Apr-16 11:15:20","Reg SV Regular","0160008305146713","N/A","","SV Entry (Tag On)","","1","0.75","0.00","-0.75","-0.75","19.00","Unlmtd","","Success"
"30-Apr-16 11:19:19","ASI","0160005497356316","N/A","","Pass Entry (Tag On)","","1","0.00","0.00","0.00","0.00","0.00","Unlmtd","0","Success"
"30-Apr-16 11:23:40","Reg SV Sr/Dis","0160011543600541","N/A","","Hotlisted - Reject Everywhere","","1","0.00","0.00","0.00","0.00","1.00","Unlmtd","","Hotlisted - Reject"
"30-Apr-16 11:23:44","ASI","0160008147380959","N/A","","Pass Entry (Tag On)","","1","0.00","0.00","0.00","0.00","0.00","Unlmtd","0","Success"
"30-Apr-16 11:27:38","ASI","0160005847711830","N/A","","Pass Entry (Tag On)","","1","0.00","0.00","0.00","0.00","0.00","Unlmtd","0","Success"
"30-Apr-16 11:57:35","ASI","0160042245293764","N/A","","Pass Entry (Tag On)","","1","0.00","0.00","0.00","0.00","0.00","Unlmtd","0","Success"
"30-Apr-16 11:57:40","ASI","0160041278821921","N/A","","Pass Entry (Tag On)","","1","0.00","0.00","0.00","0.00","0.00","Unlmtd","0","Success"
"30-Apr-16 12:00:09","EZ Pass AdultZ0","0160000620287769","N/A","","Pass Entry (Tag On)","","1","0.00","0.00","0.00","0.00","0.00","Unlmtd","1","Success"
"30-Apr-16 12:01:38","ASI","0160005585933919","N/A","","Pass Entry (Tag On)","","1","0.00","0.00","0.00","0.00","0.00","Unlmtd","0","Success"
"30-Apr-16 12:04:06","ASI","0160008074052316","N/A","","Pass Entry (Tag On)","","1","0.00","0.00","0.00","0.00","0.00","Unlmtd","0","Success"
"30-Apr-16 12:11:01","Reg SV Regular","0160008008179714","N/A","","SV Entry (Tag On)","","1","0.75","0.00","-0.75","-0.75","12.25","Unlmtd","","Success"
"30-Apr-16 12:15:16","ASI","0160008139195670","N/A","","Pass Entry (Tag On)","","1","0.00","0.00","0.00","0.00","0.00","Unlmtd","0","Success"
"30-Apr-16 12:27:48","Reg SV Sr/Dis","0160005437596310","N/A","","SV Entry (Tag On)","","1","0.35","0.00","-0.35","-0.35","8.15","Unlmtd","","Success"
"30-Apr-16 13:21:44","Reg SV Sr/Dis","0160017161520291","N/A","","SV Entry (Tag On)","","1","0.35","0.00","-0.35","-0.35","11.05","Unlmtd","","Success"
"30-Apr-16 13:45:19","Reg SV Regular","0160008451027030","N/A","","SV Entry (Tag On)","","1","0.75","0.00","-0.75","-0.75","1.00","Unlmtd","","Success"
"30-Apr-16 14:14:04","Reg SV Regular","0160008473739992","N/A","","SV Entry (Tag On)","","1","0.75","0.00","-0.75","-0.75","12.25","Unlmtd","","Success"
"30-Apr-16 14:25:11","ASI","0160041556419521","N/A","","Pass Entry (Tag On)","","1","0.00","0.00","0.00","0.00","0.00","Unlmtd","0","Success"
"30-Apr-16 14:30:20","ASI","0160033086245708","N/A","","Pass Entry (Tag On)","","1","0.00","0.00","0.00","0.00","0.00","Unlmtd","0","Success"
"30-Apr-16 14:32:04","Reg SV Regular","0160008074239194","N/A","","SV Entry (Tag On)","","1","0.75","0.00","-0.75","-0.75","8.00","Unlmtd","","Success"
"30-Apr-16 14:39:19","ASI","0160005585764314","N/A","","Pass Entry (Tag On)","","1","0.00","0.00","0.00","0.00","0.00","Unlmtd","0","Success"
"30-Apr-16 14:57:09","Reg SV Sr/Dis","0160014309511662","N/A","","SV Entry (Tag On)","","1","0.35","0.00","-0.35","-0.35","8.85","Unlmtd","","Success"
"30-Apr-16 15:03:28","Reg SV Regular","0160040662924408","N/A","","SV Entry (Tag On)","","1","0.75","0.00","-0.75","-0.75","15.25","Unlmtd","","Success"
"30-Apr-16 15:17:47","ASI","0160005587593752","N/A","","Pass Entry (Tag On)","","1","0.00","0.00","0.00","0.00","0.00","Unlmtd","0","Success"
"30-Apr-16 15:18:22","ASI","0160005585825750","N/A","","Pass Entry (Tag On)","","1","0.00","0.00","0.00","0.00","3.00","Unlmtd","0","Success"
"30-Apr-16 15:23:28","ASI","0160033081218502","N/A","","Pass Entry (Tag On)","","1","0.00","0.00","0.00","0.00","2.00","Unlmtd","0","Success"
"30-Apr-16 15:28:06","ASI","0160005781944470","N/A","","Pass Entry (Tag On)","","1","0.00","0.00","0.00","0.00","0.00","Unlmtd","0","Success"
"30-Apr-16 16:29:43","ASI","0160008110469912","N/A","","Pass Entry (Tag On)","","1","0.00","0.00","0.00","0.00","0.00","Unlmtd","0","Success"
"30-Apr-16 16:34:06","Reg SV Regular","0160008418294871","N/A","","SV Entry (Tag On)","","1","0.75","0.00","-0.75","-0.75","1.75","Unlmtd","","Success"
"30-Apr-16 17:15:33","ASI","0160005499189277","N/A","","Pass Entry (Tag On)","","1","0.00","0.00","0.00","0.00","0.50","Unlmtd","0","Success"
"30-Apr-16 17:24:51","ASI","0160005619035673","N/A","","Pass Entry (Tag On)","","1","0.00","0.00","0.00","0.00","0.00","Unlmtd","0","Success"
"30-Apr-16 17:39:48","Reg SV Regular","0160008350528476","N/A","","SV Entry (Tag On)","","1","0.75","0.00","-0.75","-0.75","1.00","Unlmtd","","Success"
"30-Apr-16 17:52:15","Reg SV Regular","0160009071272790","N/A","","SV Entry (Tag On)","","1","0.75","0.00","-0.75","-0.75","5.75","Unlmtd","","Success"
"30-Apr-16 18:08:06","ASI","0160005780944471","N/A","","Pass Entry (Tag On)","","1","0.00","0.00","0.00","0.00","0.00","Unlmtd","0","Success"
"30-Apr-16 18:08:11","Reg SV Regular","0160008918882274","N/A","","SV Entry (Tag On)","","1","0.75","0.00","-0.75","-0.75","12.00","Unlmtd","","Success"
"30-Apr-16 18:14:08","ASI","0160038262388917","N/A","","Pass Entry (Tag On)","","1","0.00","0.00","0.00","0.00","0.00","Unlmtd","0","Success"
"30-Apr-16 18:14:16","ASI","0160005699944158","N/A","","Pass Entry (Tag On)","","1","0.00","0.00","0.00","0.00","0.00","Unlmtd","0","Success"
"30-Apr-16 18:36:59","PS Try Tran Mon","0160042586851444","N/A","","Pass Entry (Tag On)","","1","0.00","0.00","0.00","0.00","0.00","Unlmtd","0","Success"
"30-Apr-16 19:04:11","ASI","0160005596559513","N/A","","Pass Entry (Tag On)","","1","0.00","0.00","0.00","0.00","0.00","Unlmtd","0","Success"
"30-Apr-16 19:04:14","Reg SV Regular","0160005318002396","N/A","","SV Entry (Tag On)","","1","0.75","0.00","-0.75","-0.75","1.00","Unlmtd","","Success"
"30-Apr-16 19:18:10","Reg SV Sr/Dis","01701696413202673923","N/A","","SV Entry (Tag On)","","1","0.35","0.00","-0.35","-0.35","2.20","Unlmtd","","Success"
"30-Apr-16 19:18:32","EZ Pass AdultZ0","0160008256104158","N/A","","Pass Entry (Tag On)","","1","0.00","0.00","0.00","0.00","0.00","Unlmtd","0","Success"
"30-Apr-16 19:24:25","ASI","0160005587593752","N/A","","Pass Entry (Tag On)","","1","0.00","0.00","0.00","0.00","0.00","Unlmtd","0","Success"
"30-Apr-16 19:29:27","ASI","0160033080027623","N/A","","Pass Entry (Tag On)","","1","0.00","0.00","0.00","0.00","0.00","Unlmtd","0","Success"
"30-Apr-16 19:33:59","Reg SV Regular","0160008266130078","N/A","","SV Entry (Tag On)","","1","0.75","0.00","-0.75","-0.75","17.75","Unlmtd","","Success"
"30-Apr-16 19:36:02","Reg SV Sr/Dis","0160010338303303","N/A","","SV Entry (Tag On)","","1","0.35","0.00","-0.35","-0.35","6.10","Unlmtd","","Success"
"30-Apr-16 19:40:51","Reg SV Regular","0160008237754394","N/A","","SV Entry (Tag On)","","1","0.75","0.00","-0.75","-0.75","10.90","Unlmtd","","Success"
"30-Apr-16 19:41:42","ASI","0160021186809127","N/A","","Pass Entry (Tag On)","","1","0.00","0.00","0.00","0.00","0.00","Unlmtd","0","Success"
"30-Apr-16 20:04:27","ASI","0160005598350556","N/A","","Pass Entry (Tag On)","","1","0.00","0.00","0.00","0.00","0.00","Unlmtd","0","Success"
,"Pasadena","BMV09176",,"3223"
"30-Apr-16 10:57:04","ASI","0160012142413500","N/A","","Pass Entry (Tag On)","","1","0.00","0.00","0.00","0.00","0.00","Unlmtd","0","Success"
"30-Apr-16 10:59:12","ASI","0160005585933919","N/A","","Pass Entry (Tag On)","","1","0.00","0.00","0.00","0.00","0.00","Unlmtd","0","Success"
"30-Apr-16 11:04:27","ASI","0160041279133920","N/A","","Pass Entry (Tag On)","","1","0.00","0.00","0.00","0.00","0.00","Unlmtd","0","Success"
"30-Apr-16 11:55:40","ASI","0160005780944471","N/A","","Pass Entry (Tag On)","","1","0.00","0.00","0.00","0.00","0.00","Unlmtd","0","Success"
"30-Apr-16 11:58:41","ASI","0160008071993751","N/A","","Pass Entry (Tag On)","","1","0.00","0.00","0.00","0.00","0.00","Unlmtd","0","Success"
"30-Apr-16 12:06:30","Reg SV Regular","0160008532598231","N/A","","SV Entry (Tag On)","","1","0.75","0.00","-0.75","-0.75","11.45","Unlmtd","","Success"
"30-Apr-16 12:17:14","ASI","0160033065042183","N/A","","Pass Entry (Tag On)","","1","0.00","0.00","0.00","0.00","0.00","Unlmtd","0","Success"
"30-Apr-16 12:23:06","ASI","0160019590456519","N/A","","Pass Entry (Tag On)","","1","0.00","0.00","0.00","0.00","0.00","Unlmtd","0","Success"
"30-Apr-16 12:35:12","Reg SV Regular","0160008670572634","N/A","","SV Entry (Tag On)","","1","0.75","0.00","-0.75","-0.75","19.25","Unlmtd","","Success"
"30-Apr-16 12:38:02","ASI","0160005596125919","N/A","","Pass Entry (Tag On)","","1","0.00","0.00","0.00","0.00","0.00","Unlmtd","0","Success"
"30-Apr-16 12:42:12","ASI","0160036514916436","N/A","","Pass Entry (Tag On)","","1","0.00","0.00","0.00","0.00","1.75","Unlmtd","0","Success"
"30-Apr-16 12:49:07","EZ Annual Z5","0160036860536143","N/A","","Pass Entry (Tag On)","","1","0.00","0.00","0.00","0.00","0.00","Unlmtd","0","Success"
"30-Apr-16 13:19:52","ASI","0160008117347350","N/A","","Pass Entry (Tag On)","","1","0.00","0.00","0.00","0.00","0.00","Unlmtd","0","Success"
"30-Apr-16 13:33:21","Reg SV Regular","0160008299034719","N/A","","SV Entry (Tag On)","","1","0.75","0.00","-0.75","-0.75","16.75","Unlmtd","","Success"
"30-Apr-16 13:33:23","ASI","0160008147380959","N/A","","Pass Entry (Tag On)","","1","0.00","0.00","0.00","0.00","0.00","Unlmtd","0","Success"
"30-Apr-16 13:34:24","ASI","0160005333021272","N/A","","Pass Entry (Tag On)","","1","0.00","0.00","0.00","0.00","0.00","Unlmtd","0","Success"
"30-Apr-16 13:34:27","ASI","0160005781944470","N/A","","Pass Entry (Tag On)","","1","0.00","0.00","0.00","0.00","0.00","Unlmtd","0","Success"
"30-Apr-16 13:40:31","ASI","0160041880306881","N/A","","Pass Entry (Tag On)","","1","0.00","0.00","0.00","0.00","0.00","Unlmtd","0","Success"
"30-Apr-16 13:40:42","Reg SV Regular","0160008305146713","N/A","","SV Entry (Tag On)","","1","0.75","0.00","-0.75","-0.75","18.25","Unlmtd","","Success"
"30-Apr-16 13:45:10","Reg SV Regular","0160008205694143","N/A","","SV Entry (Tag On)","","1","0.75","0.00","-0.75","-0.75","23.25","Unlmtd","","Success"
"30-Apr-16 13:45:15","Reg SV Regular","0160008576848476","N/A","","SV Entry (Tag On)","","1","0.75","0.00","-0.75","-0.75","8.55","Unlmtd","","Success"
"30-Apr-16 13:45:24","Reg SV Regular","0160002365462144","N/A","","SV Entry (Tag On)","","1","0.75","0.00","-0.75","-0.75","10.00","Unlmtd","","Success"
"30-Apr-16 13:48:39","ASI","0160005334716318","N/A","","Pass Entry (Tag On)","","1","0.00","0.00","0.00","0.00","0.00","Unlmtd","0","Success"
"30-Apr-16 14:12:13","Reg SV Regular","0160001477238624","N/A","","SV Entry (Tag On)","","1","0.75","0.00","-0.75","-0.75","3.75","Unlmtd","","Success"
"30-Apr-16 14:14:20","ASI","0160005835283032","N/A","","Pass Entry (Tag On)","","1","0.00","0.00","0.00","0.00","0.00","Unlmtd","0","Success"
"30-Apr-16 14:18:39","ASI","0160005754102874","N/A","","Pass Entry (Tag On)","","1","0.00","0.00","0.00","0.00","0.00","Unlmtd","0","Success"
"30-Apr-16 14:40:48","ASI","0160019589121959","N/A","","Pass Entry (Tag On)","","1","0.00","0.00","0.00","0.00","0.00","Unlmtd","0","Success"
"30-Apr-16 14:40:52","ASI","0160005498569438","N/A","","Pass Entry (Tag On)","","1","0.00","0.00","0.00","0.00","0.00","Unlmtd","0","Success"
"30-Apr-16 14:40:55","ASI","0160005781944470","N/A","","Pass Entry (Tag On)","","1","0.00","0.00","0.00","0.00","0.00","Unlmtd","0","Success"
"30-Apr-16 14:47:02","ASI","0160005587593752","N/A","","Pass Entry (Tag On)","","1","0.00","0.00","0.00","0.00","0.00","Unlmtd","0","Success"
"30-Apr-16 14:48:49","ASI","0160041892532169","N/A","","Pass Entry (Tag On)","","1","0.00","0.00","0.00","0.00","0.00","Unlmtd","0","Success"
"30-Apr-16 14:52:40","ASI","0160008034196526","N/A","","Pass Entry (Tag On)","","1","0.00","0.00","0.00","0.00","0.00","Unlmtd","0","Success"
"30-Apr-16 14:53:40","ASI","0160005585712156","N/A","","Pass Entry (Tag On)","","1","0.00","0.00","0.00","0.00","0.00","Unlmtd","0","Success"
"30-Apr-16 15:16:21","ASI","0160005565737751","N/A","","Pass Entry (Tag On)","","1","0.00","0.00","0.00","0.00","0.00","Unlmtd","0","Success"
"30-Apr-16 15:22:34","Reg SV Regular","0160008435663199","N/A","","SV Entry (Tag On)","","1","0.75","0.00","-0.75","-0.75","2.25","Unlmtd","","Success"
"30-Apr-16 16:17:21","ASI","0160028111399793","N/A","","Pass Entry (Tag On)","","1","0.00","0.00","0.00","0.00","0.00","Unlmtd","0","Success"
"30-Apr-16 16:37:34","ASI","0160011542641504","N/A","","Pass Entry (Tag On)","","1","0.00","0.00","0.00","0.00","0.00","Unlmtd","0","Success"
"30-Apr-16 16:54:25","Reg SV Regular","0160005817950236","N/A","","SV Entry (Tag On)","","1","0.75","0.00","-0.75","-0.75","1.60","Unlmtd","","Success"
"30-Apr-16 16:54:27","Reg SV Regular","0160000384020240","N/A","","SV Entry (Tag On)","","1","0.75","0.00","-0.75","-0.75","15.10","Unlmtd","","Success"
"30-Apr-16 16:58:36","ASI","0160012141481664","N/A","","Pass Entry (Tag On)","","1","0.00","0.00","0.00","0.00","0.00","Unlmtd","0","Success"
"30-Apr-16 17:02:06","ASI","0160038262414838","N/A","","Pass Entry (Tag On)","","1","0.00","0.00","0.00","0.00","0.00","Unlmtd","0","Success"
"30-Apr-16 17:39:54","ASI","0160005622624794","N/A","","Pass Entry (Tag On)","","1","0.00","0.00","0.00","0.00","0.00","Unlmtd","0","Success"
"30-Apr-16 17:41:08","Reg SV Sr/Dis","0160030464595332","N/A","","SV Entry (Tag On)","","1","0.35","0.00","-0.35","-0.35","4.30","Unlmtd","","Success"
"30-Apr-16 17:41:14","Reg SV Regular","0160008911290079","N/A","","SV Entry (Tag On)","","1","0.75","0.00","-0.75","-0.75","9.25","Unlmtd","","Success"
"30-Apr-16 18:00:01","ASI","0160036515250678","N/A","","Pass Entry (Tag On)","","1","0.00","0.00","0.00","0.00","0.00","Unlmtd","0","Success"
"30-Apr-16 18:03:41","ASI","0160008141202399","N/A","","Pass Entry (Tag On)","","1","0.00","0.00","0.00","0.00","0.00","Unlmtd","0","Success"
"30-Apr-16 18:06:49","ASI","0160008034196526","N/A","","Pass Entry (Tag On)","","1","0.00","0.00","0.00","0.00","0.00","Unlmtd","0","Success"
"30-Apr-16 18:37:56","ASI","0160021269299360","N/A","","Pass Entry (Tag On)","","1","0.00","0.00","0.00","0.00","0.00","Unlmtd","0","Success"
"30-Apr-16 18:55:39","ASI","0160041892572488","N/A","","Pass Entry (Tag On)","","1","0.00","0.00","0.00","0.00","0.00","Unlmtd","0","Success"
"30-Apr-16 19:29:44","ASI","0160005715899675","N/A","","Pass Entry (Tag On)","","1","0.00","0.00","0.00","0.00","0.00","Unlmtd","0","Success"
"30-Apr-16 19:45:35","Reg SV Regular","0160008482305439","N/A","","SV Entry (Tag On)","","1","0.75","0.00","-0.75","-0.75","6.25","Unlmtd","","Success"
"30-Apr-16 19:45:39","Reg SV Regular","0160008482304473","N/A","","SV Entry (Tag On)","","1","0.75","0.00","-0.75","-0.75","5.50","Unlmtd","","Success"
"30-Apr-16 19:45:41","Reg SV Regular","0160008482305439","N/A","","No Prod Use Type","","1","0.00","0.00","0.00","0.00","6.25","Unlmtd","","Passback"
"30-Apr-16 19:45:46","Reg SV Regular","0160008482305439","N/A","","No Prod Use Type","","1","0.00","0.00","0.00","0.00","6.25","Unlmtd","","Passback"
"30-Apr-16 19:47:47","Reg SV Regular","0160008505517598","N/A","","SV Entry (Tag On)","","1","0.75","0.00","-0.75","-0.75","3.05","Unlmtd","","Success"
"30-Apr-16 19:59:23","ASI","0160008034196526","N/A","","Pass Entry (Tag On)","","1","0.00","0.00","0.00","0.00","0.00","Unlmtd","0","Success"

"**Count of pass renewals - eg: how many advance renewals have been purchased for the pass (not the value or rides remaining)","*Payment Types for Sale Txns: 0 - None, 1 - Cash, 2 - Credit, 3 - Chk, 4 - SV, 5 - Debit, 6 - Dir Atld, 7 - Thresh Atld, 9 - Setup Thresh Atld, 11 - Thresh Atld Setup & Load, 13 - Transit Ck, 14 - Voucher, 15 - Mag Ck, 16 - Mag Farecard, 17 - Interactive Bnft, 18 - Pre-loaded Inv, 19 - EBT, 20 - Dir Debit, 21 - Credit-No Card, 22 - Chk-No Chk, 23 - PPB, 24 - SV on another Card, -10 - Unassigned Cash, -11 - Unassigned Db/Cr, -12 - Unassigned SV, -13 - Unassigned Other 
",,,,,,,,,,,,"NF5-1 / Cmn / 4"
